serial_number,failure
S30015PW,0
S3004XS2,0
S3006NTM,0
S3006NW1,1
S3006XVN,1
S3006YCG,1
S30070F5,1
S30075JQ,0
S30075JX,0
S3007BQ1,0
S300818F,1
S30081G7,1
S3008D3H,0
S3009QRB,0
S300FEX3,0
S300FYK9,0
S300GXQR,0
S300HS96,1
S300HYGQ,0
S300K1JF,0
S300RSAF,0
S300TQZA,1
S300VKP4,1
S300VL06,0
S300VLB0,0
S300VLBG,0
S300VLLF,1
S300VLN0,1
S300VLNB,0
S300W85C,0
S300WDBK,1
S300WDP3,0
S300WDP6,0
S300WDPY,0
S300WE57,1
S300WEE9,1
S300WEH8,0
S300WF10,0
S300WF20,0
S300WF24,0
S300WF2M,0
S300WFAD,1
S300WFAX,1
S300X38H,0
S300X8Z1,0
S300X8ZD,0
S300X985,1
S300X9C1,1
S300XANN,1
S300XB03,0
S300XB04,0
S300XB07,0
S300XB0X,0
S300XB3J,1
S300XBEZ,0
S300XBP0,1
S300XC71,0
S300XC72,0
S300XCCD,1
S300XCPL,1
S300XCS9,1
S300XCV7,0
S300XD7N,0
S300XDS7,0
S300XDSE,0
S300XDYR,1
S300XKE8,0
S300XL0E,0
S300XL4J,1
S300XM1A,0
S300XM72,0
S300XQ00,0
S300XQA6,0
S300XQQ2,0
S300XR3Z,0
S300XR7S,1
S300XRK1,1
S300XRSS,1
S300XS17,1
S300Y2V4,0
S300Y55Y,1
S300YC4L,1
S300YC8B,0
S300YC8R,0
S300YFEB,1
S300YGJC,0
S300YHAT,0
S300YJ50,0
S300YL9S,1
S300YPL8,1
S300YPP0,0
S300YPP4,0
S300YPY2,1
S300YQ6K,1
S300YQ8S,1
S300YQF1,1
S300YQS9,0
S300YQSG,0
S300YQSH,0
S300YQSP,0
S300YQT2,0
S300YQTN,0
S300YQTW,0
S300YS1W,1
S300YSD3,0
S300YSED,0
S300YSEF,0
S300YSEP,0
S300YSES,0
S300YSET,0
S300YSEV,0
S300YSEW,0
S300YSEZ,0
S300YTW4,1
S300Z0LB,0
S300Z0TD,1
S300Z3QV,1
S300Z3VW,1
S300Z3X1,0
S300Z3XA,0
S300Z3XB,0
S300Z3XD,0
S300Z3XH,0
S300Z3XK,0
S300Z3XL,0
S300Z3XN,0
S300Z3XP,0
S300Z410,0
S300Z413,0
S300Z415,0
S300Z41B,0
S300Z41D,0
S300Z41P,0
S300Z41Q,0
S300Z41W,0
S300Z41Y,0
S300Z41Z,0
S300Z47B,1
S300Z4JV,1
S300Z4KZ,1
S300Z4NX,1
S300Z4R1,0
S300Z4R3,0
S300Z4R4,0
S300Z4R9,0
S300Z4RN,0
S300Z4RR,0
S300Z4RV,0
S300Z4RX,0
S300Z4RY,0
S300Z4S8,1
S300Z4TD,1
S300Z4ZE,1
S300Z54C,1
S300Z599,0
S300Z59N,0
S300Z59P,0
S300Z59R,0
S300Z59X,0
S300Z59Y,0
S300Z5ES,1
S300Z5G8,1
S300Z5N0,1
S300Z5PN,1
S300Z5TJ,1
S300Z5WC,1
S300Z60K,0
S300Z60P,1
S300Z685,0
S300Z6J8,1
S300Z6TB,0
S300Z6WX,1
S300Z6Y0,0
S300Z6Y1,0
S300Z6Y3,0
S300Z6Y5,0
S300Z6Y7,0
S300Z6YA,0
S300Z6YJ,0
S300Z6YM,0
S300Z6YP,0
S300Z6YS,0
S300Z6YV,0
S300Z792,1
S300Z79Y,1
S300Z7BM,1
S300Z7TB,1
S300Z7W5,0
S300Z7WD,0
S300Z7WL,0
S300Z7WM,0
S300Z7WQ,0
S300Z7WV,0
S300Z7WZ,0
S300Z8GK,0
S300Z8GW,0
S300Z9WH,0
S300ZAFC,0
S300ZAFF,0
S300ZAFR,0
S300ZAFS,0
S300ZB5P,0
S300ZNMD,1
S300ZP5B,0
S300ZPX2,0
S300ZQ4S,0
S300ZRCZ,1
S300ZRGK,0
S300ZS07,0
S300ZSGT,0
S300ZVMZ,0
S30101R4,1
S301063N,0
S30108XD,0
S30109BA,0
S30109P0,1
S30109YP,1
S3010A33,0
S3010A3G,0
S3010CKZ,1
S3010CM5,1
S3010GJN,0
S3010H10,1
S3010H42,0
S3010LYP,1
S3010LZD,0
S3010LZK,1
S3010LZQ,0
S3010LZV,0
S3010M72,0
S3010M78,0
S3010M7E,0
S3010M7H,0
S3010M7R,0
S3010M82,0
S3010M8M,0
S3010M8X,1
S3010M8Y,0
S3010MM7,0
S3010MMG,0
S3010MMW,0
S3010MMZ,0
S3010T5N,0
S3010VL6,0
S3010WBY,0
S3010ZZ2,0
S3010ZZN,0
S30110GN,1
S30111BM,0
S30111L2,1
S301121G,1
S30112SG,1
S301138F,0
S301138H,0
S301138X,0
S30113AW,0
S30113RZ,1
S30113VA,0
S30114KR,1
S30115D0,1
S30115FJ,1
S30115LG,1
S30115V0,0
S30115V8,0
S30115VH,0
S30115VN,0
S30115VX,0
S3011652,0
S3011657,0
S301165D,0
S301165K,0
S301165L,0
S301165T,0
S3011696,1
S30116C6,0
S30116CB,0
S30116CD,0
S30116CM,0
S30116CN,0
S30116CX,0
S30116HJ,1
S301175A,0
S301175J,0
S301175S,0
S301175Z,0
S30117D1,0
S30117DQ,0
S30117DR,0
S30117SW,1
S30117YJ,0
S30117YT,0
S301181R,1
S3011ES6,0
S3011ESK,0
S3011ESM,0
S3011ESW,0
S3011FSF,0
S3011HAB,0
S3016LT5,0
S3017DRJ,0
S3017S26,0
S301CYBE,1
S301D38T,0
S301D8HV,0
S301DYCL,0
S301EDBH,0
S301EM9Y,1
S301GMGW,0
S301GML1,0
S301GMLG,0
S301GMLL,0
S301GMLY,0
S301GMY3,0
S301GMYL,0
S301GN45,0
S301GN48,1
S301GN4E,0
S301GN4Z,0
S301GNM7,1
S301GNPF,1
S301GPLJ,1
S301GPM6,0
S301GPMD,0
S301GPML,0
S301GPVX,0
S301GQB1,0
S301GQBS,0
S301GRV9,0
S301GRVB,0
S301GVD4,0
S301GYNJ,0
S301J0XB,0
S301J66R,0
S301JM5E,0
S301K4ZA,0
S301K73Q,0
S301KH41,1
S301KQQX,1
S301KQZP,0
S301KX6B,0
S301KXZY,1
S301L4NJ,0
S301L4VD,1
S301LCWG,1
S301LDJJ,0
S301LPVM,0
S301MK84,0
S301ND8Y,0
S301NEMA,1
S301NG7A,1
S301NG8Q,1
S301NGGN,0
S301NGLL,0
S301NGZ7,0
S301NGZ8,0
S301NGZM,0
S301NGZN,0
S301NGZV,0
S301NHAJ,1
S301NHPX,0
S301NJ75,0
S301NJ7F,0
S301NJRT,0
S301NKHC,0
S301NKHF,0
S301NKHL,0
S301NKLJ,1
S301NMGZ,1
S301NPAD,0
S301NXMX,1
S301NXV6,0
S301NXVB,0
S301NXVE,0
S301NY9Z,1
S301NYES,0
S301P168,0
S301PPYE,1
S301PQ3E,0
S301PQ3S,0
S301PQ3X,0
S301PRTA,0
S301PS24,1
S301PSLG,1
S301PSWQ,0
S301PSWZ,0
S301PTS3,1
S301PVNF,0
S301PX4L,1
S301PYFW,0
W3001FZP,1
W3002NPJ,0
W3002NQ7,1
W3002Q74,1
W3002TBX,0
W3002TM8,1
W3002Y7X,1
W3003N9X,0
W3003ZEE,1
W30045XN,1
W30045Y4,1
W30045Y6,1
W3004W4G,0
W3004Y7M,1
W3004Z2W,1
W3004Z5N,1
W3004ZJ2,0
W3004ZJ7,0
W3004ZJB,1
W3004ZQ3,1
W3004ZZX,1
W3005047,1
W3005N87,0
W3005ND5,0
W3005W0E,0
W30062F4,0
W30062HL,1
W300657K,1
W30065CH,0
W30065MC,1
W30068RW,1
W3006C55,0
W3006CNF,1
W3006CRJ,1
W3006DL6,1
W3006F7Q,0
W3006LZF,0
W3006MEJ,1
W3006NJ3,0
W3006NKQ,0
W3006NV4,1
W3006NXV,1
W3007K9N,1
W3007MK2,1
W3007MZF,0
W30088ZB,1
W3008EKS,1
W3008KMG,0
W3008L6X,1
W3008PM0,1
W30091DJ,0
W30092GM,0
W300960V,1
W3009F3A,0
W3009F9G,1
W3009FB2,1
W3009FB6,1
W3009JS3,1
W3009NH1,0
W3009QGQ,1
W300A68W,1
W300A6PR,0
W300A8VN,0
W300A92L,1
W300AF73,1
W300AJHL,1
W300AJZD,1
W300AM9K,0
W300ANVZ,1
W300ASMG,0
W300ATH8,1
W300AWBZ,0
W300AX6L,1
W300B0JC,0
W300B10F,0
W300B10L,0
W300B10S,1
W300B2L0,1
W300B2Q4,1
W300B2QA,0
W300B2QQ,0
W300B2QY,0
W300B610,1
W300B64P,1
W300B66H,1
W300B6AC,1
W300B6M4,1
W300B6N3,1
W300B6TY,0
W300B713,0
W300B714,0
W300BBG0,1
W300BCEL,0
W300BD3F,1
W300BD7L,1
W300BD8D,1
W300BDBG,1
W300BDP6,1
W300BDR3,0
W300BE0V,1
W300BFT0,1
W300BG0C,0
W300BGZ1,1
W300BH77,1
W300BHAE,1
W300BHJX,1
W300BHQE,1
W300BHS6,1
W300BHZ2,1
W300BJ07,1
W300BJ5B,0
W300BJAB,1
W300BLCR,1
W300BLNY,1
W300BMBN,1
W300BMQA,1
W300BMRD,1
W300BMZA,1
W300BN15,0
W300BN3T,1
W300BN84,1
W300BNC1,0
W300BNCB,0
W300BNJ2,0
W300BNJ9,1
W300BNY9,1
W300BPYL,1
W300BQ33,1
W300BQTS,1
W300BS21,1
W300BSAP,0
W300BXVL,1
W300BY78,1
W300C1LH,1
W300C4Q1,0
W300C592,1
W300C664,1
W300C9DT,1
W300C9TK,1
W300CK2F,0
W300CXHM,1
W300CYAM,1
W300D26M,1
W300D2HH,1
W300D36L,1
W300D541,1
W300D57L,1
W300D802,0
W300D8TB,1
W300DB1Q,1
W300DC28,1
W300DC56,1
W300DCT4,1
W300DCYD,1
W300DCYK,1
W300DDH0,1
W300DKK8,1
W300DMBB,1
W300DV4E,0
W300DY71,1
W300DZ31,1
W300E02Z,1
W300E0B9,1
W300E0E8,0
W300E19W,1
W300E1GT,1
W300E2GN,1
W300E7VZ,1
W300E8TP,0
W300ETDE,1
W300FDR0,1
W300FXPP,0
W300FZGG,1
W300G9J1,0
W300GLSS,0
W300GMHN,1
W300H396,1
W300H39B,1
W300H39D,1
W300H3HK,1
W300H3PP,1
W300H59B,1
W300H5H6,1
W300H6GR,0
W300H735,1
W300H8GB,1
W300HHH5,1
W300HJ11,1
W300HZJW,1
W300J04Z,1
W300J2DN,1
W300J2PT,1
W300J2V0,1
W300J317,1
W300J3C0,0
W300J485,1
W300J5YC,1
W300J680,1
W300J68Y,1
W300J6BA,1
W300J6BD,1
W300J6K7,1
W300J6N1,1
W300J7WZ,1
W300J81S,1
W300J8BR,1
W300J8DX,1
W300J9M7,1
W300JEZZ,1
W300JG56,1
W300JG5Y,1
W300JK7F,1
W300JMQL,0
W300JNKT,1
W300JTKT,1
W300K11W,1
W300K120,1
W300K1CD,1
W300K1MQ,0
W300K1P8,1
W300K1PD,0
W300K1PR,0
W300K1S3,1
W300K22F,0
W300K24Q,1
W300KF71,0
W300KKJ0,1
W300KKNG,0
W300KKQQ,1
W300KL20,1
W300KLAM,1
W300KLGA,1
W300KNNX,1
W300KQ4N,1
W300KQF0,0
W300KQFB,0
W300KQFX,0
W300KQVG,1
W300KZXV,0
W300KZZE,1
W300L027,1
W300L044,1
W300L07S,0
W300L6QG,0
W300MA9F,0
W300MKC8,0
W300R6KY,1
W300R7RG,0
W300R7T8,0
W300R7TA,0
W300R7TN,0
W300R7YQ,1
W300R8AC,1
W300R8BA,1
W300R8E5,1
W300R8HJ,0
W300R8MD,1
W300R92Z,0
W300R9H4,0
W300SP1H,0
W300SP1V,0
W300SQYG,1
W300STVS,1
W300SYV0,0
W300SZPX,0
W300T09F,0
W300T09N,0
W300T0J6,1
W300T22A,0
W300T3EY,1
W300THEC,0
W300THEG,0
W300THET,0
W300WRGX,1
W3011R2C,0
W3015JSX,0
W301D5NF,0
Z3001G79,1
Z3001NG0,1
Z3001Q0B,0
Z3002Z8J,1
Z3003AMC,0
Z300417H,0
Z30041LK,0
Z3004D6W,1
Z3004J7X,1
Z3004NJ7,0
Z300558S,0
Z3005HDX,0
Z3005HFF,1
Z3005P3M,1
Z3005QFE,1
Z30068GA,1
Z3008SBS,1
Z300CLT4,1
Z300CLVX,1
Z300CNRB,0
Z300CNVT,1
Z300CP5B,1
Z300CPA7,0
Z300CPAG,0
Z300CR9R,1
Z300CRL2,0
Z300CWDP,0
Z300CWKC,1
Z300CWTK,0
Z300CWVS,1
Z300CX14,1
Z300CX2Y,1
Z300CX7N,1
Z300DL92,1
Z300DPXN,0
Z300DYVX,1
Z300E1F2,1
Z300E2NF,0
Z300E4CC,0
Z300E4YV,1
Z300E5K0,0
Z300F92X,0
Z300GP9S,1
Z300GP9Z,1
Z300GPAJ,1
Z300GPAX,1
Z300GPCC,1
Z300GPDT,1
Z300GPDW,1
Z300GPE1,0
Z300GPEX,1
Z300GPFE,1
Z300GPGX,1
Z300GPHJ,1
Z300GPHK,1
Z300GPHY,1
Z300GPJL,1
Z300GPKJ,1
Z300GPL3,1
Z300GPL4,1
Z300GPLD,1
Z300GPLE,1
Z300GPLK,1
Z300GPLT,1
Z300GPMF,1
Z300GPMY,1
Z300GP0,1
Z300GPPN,1
Z300GPQ3,1
Z300GPR2,0
Z300GPR3,0
Z300GPR4,0
Z300GPR5,0
Z300GPR9,0
Z300GPRC,0
Z300GPRK,0
Z300GPRT,0
Z300GPRV,1
Z300GPRW,0
Z300GPRX,0
Z300GPSD,1
Z300GPST,1
Z300GPVL,1
Z300GPW1,1
Z300GPXD,1
Z300GPXL,1
Z300GPYQ,1
Z300GPZW,1
Z300GQ0K,0
Z300GQ0Q,0
Z300GQ2V,1
Z300GQ3X,1
Z300GQ4K,1
Z300GQ6S,1
Z300GQ6V,1
Z300GQ6X,1
Z300GQ77,1
Z300GQ7P,1
Z300GQ8A,1
Z300GQ90,0
Z300GQ91,0
Z300GQ93,0
Z300GQ94,0
Z300GQ95,0
Z300GQ96,0
Z300GQ98,0
Z300GQ9C,0
Z300GQ9L,0
Z300GQ9T,1
Z300GQAS,1
Z300GQB6,1
Z300GQC7,1
Z300GQD0,1
Z300GQEP,1
Z300GQF6,1
Z300GQG5,1
Z300GQGM,1
Z300GQH1,1
Z300GQJ1,1
Z300GQJK,1
Z300GYL3,1
Z300GYLW,1
Z300GYM3,0
Z300GYM7,0
Z300GYM8,0
Z300GYMG,0
Z300GYMK,0
Z300GYMP,0
Z300GYMQ,1
Z300GYMT,0
Z300GYQE,1
Z300GYR9,1
Z300GYRJ,1
Z300GYSB,1
Z300GYSJ,1
Z300GYT4,1
Z300GYV7,1
Z300GYW0,1
Z300GYW5,1
Z300GYX3,1
Z300GYXN,1
Z300GYZ9,1
Z300GYZE,1
Z300GYZG,1
Z300GYZV,1
Z300GZ0R,1
Z300GZ0W,0
Z300GZ1B,1
Z300GZ1F,1
Z300GZ1G,1
Z300GZ1J,1
Z300GZ27,1
Z300GZ34,1
Z300GZ3K,1
Z300GZ45,1
Z300GZ4W,1
Z300GZ60,1
Z300GZ61,1
Z300GZ6R,1
Z300GZ8T,1
Z300GZ8X,0
Z300GZ8Z,1
Z300GZ9L,1
Z300GZ9M,1
Z300GZB0,1
Z300GZB7,1
Z300GZBJ,1
Z300GZBW,1
Z300GZCV,1
Z300GZCY,1
Z300GZD3,1
Z300GZDB,1
Z300GZDV,1
Z300GZEG,1
Z300H1F2,1
Z300H1ZR,1
Z300H20F,1
Z300H279,0
Z300H35G,1
Z300HKS9,1
Z300HQ0D,0
Z300J9C4,1
Z300J9FA,0
Z300J9X8,1
Z300JA6W,1
Z300JBCR,1
Z300JCC4,0
Z300JCC5,0
Z300JCPK,1
Z300JDZC,1
Z300JE0R,0
Z300JE0T,0
Z300JE19,0
Z300JECZ,0
Z300JM1J,1
Z300K0L4,0
Z300K110,1
Z300K15M,0
Z300K1Z7,0
Z300K27P,1
Z300K283,1
Z300K8D1,1
Z300K8D5,1
Z300K8FJ,1
Z300K9CM,1
Z300K9JA,1
Z300KA3E,0
Z300KCGV,1
Z300KCL7,0
Z300KCLC,0
Z300KCLR,0
Z300KCP3,1
Z300KCQ5,0
Z300KCQB,1
Z300KCQV,1
Z300KE6C,1
Z300KFP1,0
Z300KFRP,1
Z300KG6P,1
Z300KG8R,1
Z300KGS8,0
Z300KGTL,1
Z300KH5Y,1
Z300KHFR,1
Z300KHKY,0
Z300KJHZ,1
Z300KK12,1
Z300KKG8,1
Z300KMM3,1
Z300KMMG,1
Z300KMTN,1
Z300KN1Y,1
Z300KYGS,0
Z300LGEX,0
Z300MFYR,0
Z300MFYX,0
Z300MG6N,1
Z300MH1P,1
Z300MHTB,1
Z300MHXJ,0
Z300MHXT,0
Z300MHXV,1
Z300MHY4,1
Z300MJ5G,0
Z300MJAQ,0
Z300MJP5,1
Z300MPYQ,1
Z300MQGV,1
Z300MQSA,0
Z300MWW4,0
Z300MWWE,1
Z300MX0K,0
Z300MXWT,1
Z300MZ4M,1
Z300MZFB,0
Z300NCNR,1
Z300NCXQ,1
Z300ND1M,0
Z300ND1Y,0
Z300NEBW,0
Z300NK0F,0
Z300NK8E,1
Z300NKF1,1
Z300NN1M,1
Z300NP15,0
Z300NP33,1
Z300NT21,0
Z300P8A5,1
Z300P8TT,1
Z300P8WY,1
Z300P8X6,1
Z300P911,1
Z300P92G,1
Z300P9AX,0
Z300P9Q5,0
Z300P9QE,1
Z300P9S8,0
Z300P9YP,1
Z300PA29,0
Z300PA4H,1
Z300PA7V,1
Z300PAB5,0
Z300PAB6,0
Z300PAB7,1
Z300PABB,0
Z300PAPT,0
Z300PAYP,1
Z300PB4X,1
Z300PBTE,1
Z300PBVG,1
Z300PC6Y,1
Z300PC7X,1
Z300PC9X,0
Z300PK0D,1
Z300PKXJ,0
Z300PL1T,0
Z300PLKY,1
Z300PLNT,1
Z300PLWN,1
Z300PLX2,1
Z300PLZ5,1
Z300PM08,1
Z300PM14,1
Z300PM25,1
Z300PM9B,0
Z300PM9M,0
Z300PM9W,0
Z300PMHC,0
Z300PMHF,0
Z300PMHH,0
Z300PMHJ,0
Z300PMHM,0
Z300PMHW,0
Z300PMHX,0
Z300PMHZ,0
Z300PMND,1
Z300PRFL,0
Z300Q73S,0
Z300QLQP,1
Z300QTW9,1
Z300RFFL,1
Z300RH00,0
Z300RXL7,0
Z300S3QY,0
Z300S5G9,1
Z300S989,1
Z300SEZW,1
Z300SVPW,1
Z300SYMW,0
Z300T79R,0
Z300T9KY,1
Z300THXL,0
Z300TKKB,0
Z300TQ2C,1
Z300TX0E,1
Z300TX4H,0
Z300TXH6,1
Z300V9VK,1
Z300VBEX,1
Z300VMS0,1
Z300VN2C,1
Z300VNDG,1
Z300VNPN,1
Z300VQ66,1
Z300VQE8,1
Z300VQYQ,1
Z300VY3K,1
Z300VYDJ,0
Z300W19Z,1
Z300W1SW,1
Z300W2GF,0
Z300W32A,1
Z300W36B,0
Z300W36N,0
Z300W3DA,1
Z300W3G0,1
Z300W3G7,0
Z300W3G8,0
Z300W52R,1
Z300W53J,0
Z300W5DP,0
Z300W5WV,1
Z300W5XE,1
Z300W5ZE,1
Z300W7XZ,0
Z300W8Q6,1
Z300W96V,1
Z300WAHJ,0
Z300WCEW,1
Z300WCL2,1
Z300WCSB,1
Z300WCT4,1
Z300WEZL,1
Z300WFDN,1
Z300WFK8,1
Z300WG7A,0
Z300WG7R,0
Z300WG7Z,0
Z300WHQP,1
Z300WJ4P,0
Z300WJPF,1
Z300WJW1,1
Z300WK2B,1
Z300WK7S,1
Z300WKAP,1
Z300WKN5,0
Z300WKNN,0
Z300WKNW,0
Z300WMS6,1
Z300WN3N,0
Z300WNHN,1
Z300WNQQ,1
Z300WP1E,1
Z300WP4Y,1
Z300WPJA,1
Z300WPZJ,0
Z300WQ3S,1
Z300WQ9W,1
Z300WQL7,1
Z300WQPJ,1
Z300WQR7,1
Z300WTR0,0
Z300WWF4,0
Z300WWP1,1
Z300WWS7,1
Z300WXN9,0
Z300WXNE,0
Z300WXNR,1
Z300WXNY,0
Z300WY1W,1
Z300WY34,1
Z300WZ9Z,0
Z300X1T4,1
Z300X26J,1
Z300X28L,1
Z300X4HC,0
Z300X4YW,0
Z300X5E2,1
Z300X5NL,0
Z300X5SZ,0
Z300X613,0
Z300X61F,0
Z300X6YX,1
Z300X714,0
Z300X74C,1
Z300X7M4,0
Z300X8B1,0
Z300X8BC,0
Z300X8BY,0
Z300X8KG,1
Z300X922,0
Z300X92Y,0
Z300X93X,1
Z300X9A0,0
Z300XB8A,1
Z300XC5K,1
Z300XCC4,1
Z300XCR8,1
Z300XCS3,0
Z300XDJF,1
Z300XDJY,1
Z300XDQY,0
Z300XE4M,0
Z300XEE0,0
Z300XEEE,0
Z300XEES,0
Z300XEGP,1
Z300XF2M,1
Z300XF3C,0
Z300XF70,1
Z300XFF0,0
Z300XFQ1,0
Z300XFQ9,0
Z300XG1V,0
Z300XGNY,0
Z300XGT2,0
Z300XGTR,0
Z300XH61,0
Z300XH6A,0
Z300XH6E,1
Z300XH6F,0
Z300XH6J,0
Z300XH6Q,0
Z300XH85,1
Z300XQ6V,1
Z300XQWQ,1
Z300Y4NH,1
Z300YLQ9,1
Z300YLS4,1
Z300YLVD,1
Z300YM5C,1
Z300YMRE,0
Z300YMRV,0
Z300YMWV,1
Z300YNE9,1
Z300YNFV,1
Z300YNHC,1
Z300YTX5,1
Z300YV3N,1
Z300YV3W,1
Z300YV46,0
Z300YV48,0
Z300YV4F,0
Z300YV4W,0
Z300YV58,1
Z300YVBQ,0
Z300YVG2,1
Z300YVNJ,1
Z300Z60X,1
Z300ZJYS,0
Z300ZJZ4,1
Z300ZJZQ,1
Z300ZK0R,1
Z300ZK4K,1
Z300ZKG4,1
Z300ZKGE,1
Z300ZQTH,1
Z300ZQY6,1
Z300ZQZB,1
Z300ZR02,1
Z300ZR8W,0
Z300ZRMV,1
Z300ZRQM,1
Z300ZS76,0
Z300ZS7A,0
Z300ZS7Q,0
Z300ZSEV,1
Z300ZSFV,1
Z300ZSHF,1
Z300ZSHX,1
Z300ZSTK,0
Z300ZSTN,0
Z300ZSYS,1
Z300ZT02,1
Z300ZT4F,0
Z300ZTAH,0
Z300ZTJ6,0
Z300ZTJ8,0
Z300ZTJN,0
Z300ZTJQ,0
Z300ZTMD,1
Z300ZTPR,1
Z300ZTVT,1
Z300ZTWC,0
Z300ZTXN,1
Z300ZTXP,1
Z300ZTYX,1
Z300ZTZ5,0
Z300ZTZ9,0
Z300ZTZC,0
Z300ZTZH,0
Z300ZTZR,0
Z300ZV0V,1
Z300ZV58,1
Z300ZV76,1
Z300ZV78,1
Z300ZV95,1
Z30106DA,0
Z30106DQ,0
Z3010BGZ,0
Z3010BZP,0
Z3010CGY,1
Z3010DB3,0
Z3010H21,0
Z3010LSC,1
Z3010LZT,0
Z3010Q6X,0
Z3010TEF,1
Z3010VA1,0
Z3010VAH,0
Z30110JL,1
Z3011184,1
Z301119M,1
Z30111ET,1
Z30111G8,1
Z30111J1,0
Z30111J2,0
Z30111J9,0
Z30111JA,0
Z30111JK,0
Z30111JR,0
Z30111JW,0
Z30111JZ,0
Z30111K5,1
Z30111T0,1
Z3011CME,1
Z3011D1Y,1
Z3011QBS,0
Z3011RDM,1
Z3011W91,1
Z3011WAL,1
Z3011WC8,1
Z3011WCK,1
Z3011WD7,1
Z3011WJW,1
Z3011WKC,1
Z3011WL7,1
Z3011WM3,0
Z3011WMQ,1
Z3011WMS,0
Z3011WNH,1
Z3011WT3,1
Z3011WTL,1
Z3011WTS,1
Z3011WVF,1
Z3011WWR,0
Z3011WXM,1
Z3012NRZ,0
Z3012WST,1
Z3012WXJ,1
Z3012XK4,1
Z3012XK6,1
Z3013TF9,0
Z3013TY3,0
Z30145L2,0
Z301475Y,1
Z301499E,1
Z30149E5,1
Z30149JR,1
Z30149KC,1
Z30149KJ,1
Z30149RM,1
Z30149SH,0
Z30149SP,1
Z30149X0,1
Z3014A0N,1
Z3014A40,0
Z3014A43,0
Z3014A4G,0
Z3014A4T,0
Z3014A4X,0
Z3014A4Z,0
Z3014A7D,1
Z3014A7M,1
Z3014BTZ,1
Z3014EFA,1
Z3014KY2,1
Z3014LEM,1
Z3014LG0,0
Z3014LG2,0
Z3014LGW,0
Z3014LKQ,1
Z30140S,1
Z3014NB2,1
Z3014NHT,1
Z3014NJL,0
Z3014NP2,1
Z3014P0L,1
Z3014P43,1
Z3014P66,0
Z3014PFN,1
Z3014PK5,0
Z3014PKM,0
Z3014PQ5,0
Z3014RDT,1
Z3015332,1
Z301567D,0
Z3015BQK,1
Z3015BWW,1
Z3015C08,1
Z3015C6E,1
Z3015C6S,0
Z3015C7W,1
Z3015C8T,1
Z3015CA4,1
Z3015CBJ,1
Z3015CC0,1
Z3015CC6,1
Z3015CC7,1
Z3015CE0,0
Z3015CE6,0
Z3015CEE,0
Z3015CEL,0
Z3015CEN,0
Z3015CEQ,0
Z3015CEV,0
Z3015CFB,1
Z3015CH5,1
Z3015CH6,1
Z3015CHH,1
Z3015CL7,1
Z3015CNX,1
Z3015CZR,0
Z3015D14,0
Z3015E5P,1
Z3015GYQ,1
Z3015H5K,1
Z3015H62,0
Z3015H6N,0
Z3015H6T,0
Z3015HEG,1
Z3015HGV,1
Z3015HJN,0
Z3015HJP,0
Z3015HW8,0
Z3015HWC,0
Z3015HZQ,1
Z3015J1C,0
Z3015J1R,0
Z3015J1W,0
Z3015J1Z,0
Z3015J3M,1
Z3015J4E,1
Z3015J5W,1
Z3015JGG,1
Z3015JRG,0
Z3015K95,0
Z3015KEX,1
Z3015KTZ,0
Z3015L56,1
Z3015L5Y,1
Z3015LCH,0
Z3015LEA,1
Z3015LED,1
Z3015LGZ,1
Z3015LH3,0
Z3015LH4,0
Z3015LH8,0
Z3015LHB,0
Z3015LHC,0
Z3015LHG,0
Z3015LHH,0
Z3015LHN,0
Z3015LHS,0
Z3015LHX,0
Z3015LHY,0
Z3015LLW,1
Z3015LWF,0
Z3015M63,1
Z3015MFA,1
Z3015SNF,0
Z3015SZE,1
Z3015SZN,1
Z3015T5J,1
Z3015V3M,1
Z3015W0Z,1
Z3015WES,1
Z3015Y4D,1
Z3015Z3B,1
Z30168FS,1
Z30168K0,0
Z3016E11,0
Z3016E1D,0
Z3016F9M,1
Z3016L1Q,1
Z3016L91,1
Z3016LHY,1
Z3016MJM,1
Z3016MQ5,0
Z3016MRW,1
Z3016MWY,1
Z3016N71,0
Z3016N76,0
Z3016N79,0
Z3016NLD,0
Z3016NMP,1
Z3016NRS,1
Z3016P21,0
Z3016P3L,0
Z3016P8L,0
Z3016PDZ,1
Z3016PE2,0
Z3016PE7,0
Z3016PE8,0
Z3016PEZ,1
Z3016PFJ,1
Z3016PGW,1
Z3016PHJ,1
Z3016PMP,1
Z3016PN9,1
Z3016PNH,1
Z3016QT3,1
Z3016QW5,1
Z3016R7D,1
Z3016R9E,1
Z3016RGP,0
Z3016RHK,1
Z3016RJ5,1
Z3016RM8,1
Z3016RS4,1
Z3016S7F,1
Z3016SH8,0
Z3016SRV,1
Z3016SS7,0
Z3016SSD,0
Z3016SX0,0
Z3016SXE,0
Z3016SXX,1
Z3016SYN,1
Z3016TK2,0
Z3016TL0,1
Z3016V37,1
Z3016WC8,1
Z3016X8J,1
Z301783H,0
Z301783J,0
Z301783P,0
Z30178CN,0
Z30178CQ,0
Z30178T6,0
Z30178VW,0
Z301794K,1
Z30179SH,1
Z3017NCG,1
Z3019HDN,1
Z301ANYQ,0
Z301CEB2,1
Z301CHM1,0
Z301D3RJ,0
Z301D4AK,0
Z301JF7X,0
Z301JZLE,1
Z301L6KD,0
Z301N2J5,0
Z301YPKG,0
Z301YY80,0
Z301ZQH4,1
Z3021BXM,0
Z3021K8V,1
Z3021KB3,1
Z3021L1H,1
Z3021PBN,1
Z30228HY,1
Z30228HZ,0
Z30228X3,0
Z302298C,1
Z302322G,0
Z302325Z,1
Z3023FDA,0
Z3023TWW,1
Z3023V3N,1
Z3023VGH,0
Z3023WL1,1
Z3023WND,1
Z3023WT2,0
Z3023X61,0
Z3023X62,1
Z3023X6K,1
Z3023X6M,0
Z3023XBB,1
Z3023XDB,1
Z3023XGJ,1
Z3023XHV,1
Z3023XJ9,1
Z3023XPN,1
Z3023XQK,1
Z3023ZZV,1
Z302400A,1
Z302404Q,0
Z30240QK,0
Z3024CA7,1
Z3024PGT,1
Z3024VYR,1
Z3024W3F,0
Z30250FV,1
Z30250GE,0
Z30250HT,1
Z30250LB,1
Z30250LH,1
Z30250M3,1
Z30250P5,1
Z30250TD,1
Z30250VE,1
Z30250W7,1
Z30250XP,1
Z302510A,1
Z302510H,1
Z3025113,1
Z302514R,1
Z302517D,1
Z302517L,1
Z302517Q,1
Z302517Y,1
Z3025183,0
Z302518B,0
Z302518E,0
Z302518J,0
Z302519H,1
Z30251D6,1
Z30251LP,1
Z30251M5,0
Z30251MC,1
Z30251MG,1
Z30251RA,0
Z30251SN,1
Z30251SV,0
Z30251T1,1
Z30251T4,0
Z30251Y1,0
Z30251Y5,0
Z30251YG,0
Z30251YL,0
Z30251YQ,0
Z30251YX,0
Z302522B,0
Z302522D,0
Z302522E,1
Z302522G,0
Z302522Q,0
Z302522Y,0
Z3025244,1
Z3025275,1
Z30252ER,1
Z30252G1,1
Z30252GX,1
Z30252K0,1
Z3025920,0
Z3025926,0
Z302592V,0
Z302592W,0
Z30259BX,1
Z30259E7,0
Z30259E8,0
Z30259EW,0
Z30259EY,0
Z30259EZ,0
Z30259FC,1
Z30259FM,1
Z30259G2,1
Z30259G4,1
Z3025BST,1
Z3025BXC,0
Z3025BXG,0
Z3025K82,1
Z3025KEJ,1
Z3025KG8,1
Z3025KHB,1
Z3025KHT,1
Z3025KKP,1
Z3025KLK,1
Z3025KNX,0
Z3025KPF,1
Z3025KQQ,0
Z3025KV6,1
Z3025KXS,1
Z3025L0T,1
Z3025L1V,1
Z3025L31,0
Z3025L3F,0
Z3025L3H,0
Z3025L3R,0
Z3025L4V,0
Z3025L70,1
Z3025L8C,1
Z3025LAG,1
Z3025LAT,1
Z3025LBY,1
Z3025LF4,1
Z3025LH2,0
Z3025LH4,1
Z3025LHC,0
Z3025LHK,0
Z3025LHP,0
Z3025LJ1,1
Z3025LJG,1
Z3025LKK,1
Z3025LKW,1
Z3025LM9,1
Z3025LSL,1
Z3025LX0,0
Z3025LX5,0
Z3025LXD,0
Z3025LXE,0
Z3025LXP,0
Z3025LXR,0
Z3025M1C,1
Z3025M3K,1
Z3025M4V,1
Z3025M61,1
Z3025M9A,1
Z3025MA7,1
Z3025MAL,1
Z3025PH3,1
Z3025PJG,1
Z3025PK2,1
Z3025PNP,1
Z3025PS7,1
Z3025PV5,1
Z3025Q23,1
Z3025Q55,1
Z3025R16,1
Z3025R5F,0
Z3025R5Z,0
Z3025RLB,1
Z3025RLT,0
Z3025RN3,0
Z3025RN4,0
Z3025RW7,1
Z3025RYQ,1
Z3025S06,1
Z3025WAT,1
Z3025Y0V,1
Z3025ZJR,1
Z3025ZRH,1
Z30260M3,1
Z30260RW,1
Z30260V7,1
Z30260WB,1
Z30260XN,1
Z3026161,1
Z30262G8,0
Z302697G,0
Z3026P1P,0
Z3026Q8Y,1
Z3026RDS,1
Z3026YY0,1
Z3026Z5M,1
Z3026ZAE,0
Z3026ZHV,1
Z30270LK,0
Z30270R9,1
Z302710R,1
Z302713E,0
Z30273GC,1
Z3027CCP,1
Z302895M,1
Z3028C6K,0
Z3029A89,0
Z3029A8B,1
Z3029A8D,0
Z3029A8G,0
Z3029A8J,0
Z3029AC3,0
Z3029AC4,0
Z3029ACD,0
Z3029ACH,0
Z3029ACY,0
Z3029AFQ,0
Z3029ALL,1
Z3029ALN,0
Z3029AN6,0
Z3029AN7,0
Z3029AN9,0
Z3029A0,0
Z3029ANE,0
Z3029ANF,0
Z3029ANH,0
Z3029ANP,0
Z3029ANQ,1
Z3029AQ5,0
Z3029AQW,1
Z3029ARM,0
Z3029ASC,1
Z3029ASK,0
Z3029ASX,0
Z3029B22,0
Z3029B2C,0
Z3029B2F,0
Z3029B2J,0
Z3029B2T,0
Z3029B2W,0
Z3029B37,1
Z3029B7N,1
Z3029BER,1
Z3029F0V,1
Z3029F1F,1
Z3029F2S,1
Z3029F2Y,1
Z3029F4K,0
Z3029F5G,1
Z3029F6V,1
Z3029F6W,1
Z3029F7B,0
Z3029F7D,0
Z3029F7J,0
Z3029F7L,0
Z3029F7M,0
Z3029F7W,0
Z3029F7Z,0
Z3029FA4,1
Z3029FAJ,1
Z3029FAS,1
Z3029FD4,0
Z3029FD8,0
Z3029FDE,0
Z3029FDF,0
Z3029FDV,0
Z3029FEM,1
Z3029FK1,1
Z3029FK3,1
Z3029FS4,1
Z3029FSB,1
Z3029FTV,1
Z3029G1H,1
Z3029G47,0
Z3029GD0,1
Z3029GF5,0
Z3029GF7,0
Z3029GFH,1
Z3029GFM,0
Z3029GFP,1
Z3029GV9,1
Z3029GVT,1
Z3029GYZ,1
Z3029GZS,1
Z3029H0F,1
Z3029H1Y,1
Z3029H32,1
Z3029H3S,1
Z3029H4P,1
Z3029YRV,1
Z3029YX1,1
Z3029Z0D,1
Z3029Z3P,1
Z3029Z83,1
Z3029ZLK,0
Z3029ZLM,0
Z3029ZLV,0
Z3029ZP3,1
Z3029ZR8,1
Z3029ZT7,1
Z3029ZYW,0
Z302A058,0
Z302A059,0
Z302A05D,0
Z302A05L,0
Z302A05P,0
Z302A05R,0
Z302A05X,0
Z302A0VZ,1
Z302A0XB,1
Z302A0ZV,1
Z302A11A,0
Z302A12M,1
Z302A19M,1
Z302A1AN,0
Z302A1AX,1
Z302A1BZ,0
Z302AB7G,0
Z302AB8N,1
Z302ABA5,0
Z302ABA7,0
Z302ABAH,0
Z302ABAS,0
Z302ABAV,0
Z302ABAY,0
Z302AJVP,1
Z302AK2W,0
Z302AKAL,1
Z302AKDR,1
Z302AKQS,1
Z302AKSX,1
Z302AKTA,1
Z302AKTE,1
Z302AKW5,0
Z302AKW7,0
Z302AKW9,0
Z302AKWM,0
Z302AKWP,0
Z302AKWQ,0
Z302AKWV,0
Z302AKWY,0
Z302AKWZ,0
Z302AKYD,1
Z302AKZ5,1
Z302AKZF,1
Z302AL3Y,1
Z302AL53,1
Z302AL5E,1
Z302AL7J,0
Z302AL7V,0
Z302ALD6,1
Z302ANBZ,0
Z302B0A5,1
Z302B0C3,0
Z302B0C4,0
Z302B0C5,1
Z302B0C6,0
Z302B0C7,0
Z302B0C8,0
Z302B0CH,0
Z302B0CN,0
Z302B0CT,0
Z302B0CV,0
Z302B0CW,0
Z302B0HN,1
Z302B0LA,1
Z302B121,1
Z302B16G,1
Z302B199,1
Z302B1R4,1
Z302BPKE,1
Z302BRQ2,0
Z302BS8M,0
Z302BTW9,0
Z302BTWG,0
Z302BV7E,0
Z302BVC6,0
Z302BVCB,0
Z302BVCM,0
Z302CY5D,0
Z302CYFS,1
Z302DJVT,0
Z302DK2R,1
Z302DKMQ,0
Z302DKNK,1
Z302DYP0,0
Z302DYPH,0
Z302DZ4Z,0
Z302E62T,1
Z302EP62,0
Z302EQMF,0
Z302ETW7,0
Z302F0C2,1
Z302F0TK,0
Z302F221,0
Z302F33E,1
Z302F36Q,1
Z302F3MR,0
Z302F3SW,1
Z302F8N2,0
Z302FD08,0
Z302FD0Q,0
Z302FD1H,1
Z302FDAH,0
Z302FDAZ,0
Z302FDV1,1
Z302FE7D,0
Z302FEM6,0
Z302FR4F,1
Z302FRHD,0
Z302FRK5,0
Z302FZB7,1
Z302FZML,0
Z302FZT9,1
Z302FZV5,0
Z302FZV8,0
Z302FZVS,0
Z302FZVT,0
Z302FZVV,0
Z302G0Q9,1
Z302G465,0
Z302G4QN,1
Z302G5PB,0
Z302G5PD,0
Z302G5PP,0
Z302G5Q4,1
Z302JN3T,1
Z302L0CT,1
Z302Q4MS,0
Z302R488,1
Z302R7GN,1
Z302RBSG,0
Z302RJB9,0
Z302S96A,1
Z302S9KW,1
Z302S9W3,1
Z302SQ8A,0
Z302SQJW,0
Z302SQZT,1
Z302SR8J,0
Z302SR8M,0
Z302SRL2,0
Z302SSEG,0
Z302SVD4,0
Z302SVDP,0
Z302SVDV,0
Z302SVG2,1
Z302SW3W,0
Z302SW4D,0
Z302SW4E,0
Z302SW4G,0
Z302SW4R,0
Z302SW8N,1
Z302SW9C,0
Z302SWJ4,0
Z302SWJA,0
Z302SWR5,1
Z302SX4R,1
Z302SXAA,0
Z302SXAD,0
Z302SXAS,0
Z302SXAX,0
Z302SXQ0,0
Z302SXQ5,0
Z302SXQB,0
Z302SXZ3,0
Z302SXZJ,0
Z302SYB1,0
Z302SYBB,0
Z302SYBJ,0
Z302SYBR,0
Z302SYBT,0
Z302SYKW,1
Z302SYR1,0
Z302SYRE,0
Z302SYRJ,0
Z302SYRN,0
Z302SZEX,0
Z302SZJ5,0
Z302SZJB,0
Z302SZJD,0
Z302SZJE,0
Z302SZJH,0
Z302SZJJ,0
Z302SZJQ,0
Z302T24M,1
Z302T64V,0
Z302T681,1
Z302T6D2,1
Z302T6GE,1
Z302T6H6,0
Z302T6HP,0
Z302T6SE,0
Z302T6SR,0
Z302T6SY,0
Z302T6WV,0
Z302T6ZR,0
Z302T736,1
Z302T75K,0
Z302T7KN,0
Z302T7KS,0
Z302T892,0
Z302T89S,0
Z302T8V2,0
Z302T8V3,1
Z302T8V9,0
Z302T8VH,0
Z302T8VN,0
Z302WP1V,0
Z302WZ09,0
Z30315Z8,0
Z30330GD,1
Z3034085,0
Z30348F9,0
Z30349NQ,1
Z30357RX,1
Z3035QGV,1
Z303APEJ,1
Z303AZRN,0
Z303F3JE,0
Z303F3JT,0
Z303F8K1,1
Z303G2GQ,1
Z303GA87,0
Z303GWQQ,0
Z303H81D,0
Z303H8TP,1
Z303JAKC,1
Z303LXWH,1
Z303PAMH,0
Z303QPRS,1
Z303QQH4,0
Z303QQH9,0
Z303QQHQ,0
Z303QR0C,0
Z303QR6B,0
Z303R4WA,1
Z303R5V8,1
Z303R6E9,0
Z303R6EC,0
Z303R7EB,1
Z303RES1,0
Z303S95N,0
Z303THHV,1
Z303TSM5,0
Z303TYNV,0
Z303VDR4,0
Z303VKE9,0
Z303VZTS,1
Z303WJPW,0
Z303XY46,1
Z303XYAP,1
Z303XYBF,1
Z303XYFJ,1
Z303XYM6,1
Z303XYP1,1
Z303XYPX,1
Z303XYTX,1
Z303XYV2,0
Z303XYYR,0
Z303XZ11,1
Z303Y10M,0
Z303Y2WD,0
Z303Y422,0
Z303YMJH,1
Z303YQL1,0
Z303YRMN,0
Z303YYQW,0
Z303Z6S1,0
Z303Z7QT,1
Z303ZLN0,0
Z303ZYFD,1
Z30402QR,1
Z304072T,0
Z3040E03,1
Z3040E61,1
Z3040E6N,1
Z3040ECY,1
Z3040EGE,1
Z3040J5T,0
Z3040JAY,1
Z3040KMY,1
Z3040LRE,0
Z3040PZK,0
Z3040Q6K,0
Z3040Q7P,1
Z3040YXY,1
Z30414WX,0
Z304154R,1
Z3041552,1
Z304167N,1
Z30416KZ,1
Z30417KP,1
Z30417Q7,1
Z30417X8,1
Z3041BT0,1
Z3041BYX,1
Z3041BZ2,1
Z3041C28,0
Z3041C92,1
Z3041CD4,1
Z3041CSM,1
Z3041CXZ,1
Z3041CZ5,1
Z3041H9B,0
Z3041H9R,0
Z3041HCE,0
Z3041HCQ,0
Z3041HYW,1
Z3041J83,1
Z3041KK9,0
Z3041L16,1
Z3041N19,0
Z3041NJE,0
Z30423PE,1
Z30426EX,0
Z30429PN,0
Z3042A44,1
Z30456MP,0
Z3046MK1,0
Z3048D59,0
Z3048K9P,0
Z3048KGN,1
Z3048KVT,1
Z304CK40,0
Z304E90S,1
Z304EJGA,1
Z304EKHY,0
Z304EY9L,0
Z304EYKN,1
Z304EZL5,0
Z304F87P,0
Z304G0J2,1
Z304GENT,0
Z304GH4N,0
Z304GHS5,1
Z304GJ80,0
Z304GJ8P,0
Z304GJ8Z,0
Z304GM4F,1
Z304GR1X,0
Z304GR3X,0
Z304GR4Z,1
Z304GSXK,0
Z304H2SM,0
Z304H3GQ,1
Z304H7CV,1
Z304HECC,0
Z304HEHV,0
Z304HES6,0
Z304HES7,0
Z304HKBX,1
Z304HKC3,0
Z304HKDW,1
Z304HKE4,0
Z304HKEC,0
Z304HKEG,0
Z304HKEH,0
Z304HKEW,0
Z304HKK2,1
Z304HN9D,0
Z304HNH6,0
Z304HNKK,1
Z304HQBG,0
Z304HQBP,0
Z304HQR4,0
Z304HQRL,0
Z304HQVE,1
Z304HRAA,0
Z304HRF8,0
Z304HRFB,0
Z304HRNE,1
Z304HS7K,1
Z304HSCP,1
Z304HSDC,1
Z304HSGQ,1
Z304HSMJ,1
Z304HSY1,0
Z304HSY2,0
Z304HSY5,0
Z304HSY6,0
Z304HSYA,0
Z304HSYE,0
Z304HSYF,0
Z304HSYM,0
Z304HSYS,0
Z304HT90,1
Z304HTC2,0
Z304HTCB,0
Z304HTCR,0
Z304HV0F,1
Z304HVVC,1
Z304HW07,1
Z304HW1K,1
Z304HW7X,0
Z304HWR7,0
Z304HWSD,0
Z304HZP2,1
Z304J033,0
Z304J038,0
Z304J0BW,0
Z304J0X2,1
Z304J1FM,1
Z304J4PY,0
Z304J8VG,1
Z304J9W3,0
Z304JA3E,1
Z304JAH4,1
Z304JDG0,1
Z304JFD7,1
Z304JFKR,0
Z304JFV6,0
Z304JFV7,0
Z304JFVS,0
Z304JG7Q,0
Z304JG7V,0
Z304JG7W,0
Z304JG7X,0
Z304JG7Y,1
Z304JG8E,0
Z304JG8J,0
Z304JG8M,0
Z304JG8Y,0
Z304JGB2,1
Z304JGK2,0
Z304JGKL,0
Z304JGP1,0
Z304JGPQ,1
Z304JH2S,1
Z304JH43,0
Z304JK7A,1
Z304JK8M,1
Z304JKA0,0
Z304JKA8,0
Z304JKAE,0
Z304JKAJ,0
Z304JKHX,1
Z304JKQW,0
Z304JL4F,1
Z304JM35,1
Z304JM58,0
Z304JMJ9,0
Z304JMKD,1
Z304JMQW,1
Z304JNGX,0
Z304JNRJ,0
Z304JPS3,0
Z304JPS4,0
Z304JPSE,0
Z304JPST,0
Z304JPSZ,0
Z304JQ9L,1
Z304JQAE,1
Z304JR9J,1
Z304JRLX,0
Z304JT0E,0
Z304JT0X,0
Z304JT0Y,0
Z304JW31,0
Z304JW34,0
Z304JW36,0
Z304JW37,0
Z304JW3E,0
Z304JW3F,0
Z304JW3G,0
Z304JW3H,0
Z304JW3M,0
Z304JW3P,0
Z304JW3Q,0
Z304JW3S,1
Z304JW3T,0
Z304JW3X,0
Z304JW52,0
Z304JW5W,1
Z304JW61,1
Z304JW6S,1
Z304JW7S,1
Z304JW9L,1
Z304JWC2,1
Z304JWC4,1
Z304JWC5,1
Z304JWEP,1
Z304JWJE,1
Z304JWLH,1
Z304JWNJ,0
Z304JWNT,0
Z304JWNV,1
Z304JWNY,1
Z304JWQ3,1
Z304JWQB,1
Z304JXC0,0
Z304JXC1,0
Z304JXC9,0
Z304JXCE,0
Z304JZLF,1
Z304JZPV,1
Z304K1AG,0
Z304K4V7,0
Z304K5XH,0
Z304K5XX,1
Z304KA7H,0
Z304KAJ6,1
Z304KALB,1
Z304KAV6,0
Z304KB54,1
Z304KBN3,0
Z304KBNC,0
Z304KBNH,1
Z304KBQP,1
Z304KBS2,1
Z304KBT0,0
Z304KBT1,0
Z304KBT3,0
Z304KBT5,0
Z304KBT6,0
Z304KBTA,1
Z304KBTC,0
Z304KBTE,0
Z304KBTH,0
Z304KBTJ,0
Z304KBTK,0
Z304KBTM,0
Z304KBTP,0
Z304KBTS,0
Z304KBTW,1
Z304KBTZ,0
Z304KBXJ,1
Z304KCFG,1
Z304KCJV,1
Z304KCK3,0
Z304KCK4,0
Z304KCK7,0
Z304KCK8,0
Z304KCKF,0
Z304KCKH,0
Z304KCKK,0
Z304KCKM,0
Z304KCKP,0
Z304KCKW,0
Z304KCKY,0
Z304KCN5,1
Z304KCPW,1
Z304KCS7,1
Z304KCSD,1
Z304KCW8,1
Z304KCXT,1
Z304KCZ1,1
Z304KD3F,0
Z304KD3L,0
Z304KDXX,0
Z304KQSR,1
Z304KR1G,1
Z304KR32,0
Z304KR36,0
Z304KR38,0
Z304KR3A,0
Z304KR3B,0
Z304KR3C,0
Z304KR3D,0
Z304KR3J,0
Z304KR3K,0
Z304KR3L,0
Z304KR3N,0
Z304KR3R,0
Z304KR3S,0
Z304KR3W,0
Z304KR3X,0
Z304KR3Y,0
Z304KR3Z,0
Z304KZCK,0
Z304L82G,1
Z304L82H,0
Z304L8M2,1
Z304L8R3,1
Z304L8SY,1
Z304L8V0,0
Z304L8V1,0
Z304L8V6,0
Z304L8VA,0
Z304L8VE,0
Z304L8VJ,0
Z304L8VL,0
Z304L8VT,0
Z304L8VW,0
Z304L8VY,0
Z304L94F,1
Z304L98W,1
Z304L9K1,0
Z304L9K7,0
Z304L9K8,0
Z304L9KG,0
Z304L9KQ,0
Z304L9KR,0
Z304L9KV,0
Z304L9KY,0
Z304L9L5,1
Z304L9P8,1
Z304L9SM,1
Z304LAHM,0
Z304LAHP,0
Z304LAHV,0
Z304LLZG,0
Z304LVV7,1
Z304MME2,0
Z304N8FQ,0
Z304NTQY,1
Z304PBKC,0
Z304PDT0,1
Z304QBKL,0
Z304RKFV,1
Z304RN2Z,1
Z304RQSV,0
Z304RVH4,0
Z304SY3R,0
Z304T5E0,0
Z304TK6Q,1
Z304TK9N,1
Z304TNG5,0
Z304V5LZ,0
Z304WBA7,0
Z304WFRB,1
Z304WGJB,0
Z304X4EA,1
Z304XXR8,1
Z304YBFP,1
Z304YCM7,1
Z304YR2Q,1
Z304YS93,1
Z304YVET,1
Z304YVN9,0
Z304YW7P,0
Z304YZ8G,1
Z304Z9GM,0
Z304ZF5C,0
Z304ZNMV,0
Z3050PHF,0
Z3050X4A,0
Z30512HT,0
Z30516ZX,0
Z30519JR,0
Z3051CCA,0
Z3051CX7,1
Z3051DG5,0
Z3051FWK,1
Z3051MYL,0
Z3051N0,1
Z3052B5X,0
Z3052Z55,1
Z30530FH,1
Z3053365,0
Z3053C78,0
Z3053FD8,1
Z3053J69,1
Z3053MJV,0
Z3053NY5,1
Z3053SBN,0
Z3053ZNJ,1
Z305415J,0
Z30548PY,1
Z30553AQ,0
Z305574W,1
Z3055BMN,0
Z3055GHC,0
Z3055YPL,0
Z3056M54,0
Z3056MDM,0
Z3056N6G,0
Z3056P5J,0
Z30576J2,0
Z3057728,0
Z3057DTN,1
Z3057FPB,1
Z3057M7B,0
Z3057WLY,1
Z3058964,0
Z3058CH1,0
Z3058D5P,0
Z3058DRV,0
Z3058GF0,1
Z3058MVP,1
Z3058QFX,0
Z3058VA9,1
Z3058VRW,1
Z3058VV0,0
Z3058VVR,0
Z3058VWA,0
Z3058W7A,0
Z3058WDE,0
Z3058WTK,1
Z3058WTS,0
Z3058X0F,0
Z30591H3,0
Z30594XP,0
Z30596Z7,1
Z30598KH,0
Z3059BG1,1
Z3059CAF,1
Z3059CLB,0
Z3059K0P,0
Z3059L0M,0
Z3059L0T,0
Z3059LAC,0
Z3059LJ1,1
Z3059S6D,1
Z3059YCC,0
Z3059YCK,0
Z305A1D1,0
Z305A951,0
Z305ACJX,1
Z305AD5R,0
Z305ADCY,1
Z305AGS0,1
Z305AGV3,1
Z305AJF7,0
Z305AL8H,0
Z305ANY2,0
Z305ANYB,0
Z305ANYC,0
Z305ANYT,0
Z305APC0,0
Z305APCP,0
Z305APCY,0
Z305APE3,1
Z305APVG,1
Z305APXY,1
Z305AQGZ,1
Z305AQLF,0
Z305AQLG,0
Z305AQLH,0
Z305AQLP,0
Z305AQQS,1
Z305AR1M,1
Z305AR38,0
Z305AR44,0
Z305AR4D,1
Z305AR4E,0
Z305AR4M,0
Z305AR4Z,0
Z305ARLV,1
Z305ARN2,0
Z305ARQL,0
Z305ARQS,0
Z305ASDK,1
Z305ASFD,1
Z305ASRB,0
Z305AT6T,1
Z305AY7V,0
Z305B04C,1
Z305B2QN,0
Z305B6J2,1
Z305B6N7,0
Z305B6N8,0
Z305B6NB,0
Z305B6NE,0
Z305B6NH,0
Z305B6NM,0
Z305B6NQ,0
Z305B6NS,0
Z305B6NW,0
Z305B6NX,0
Z305B6NY,0
Z305B6NZ,0
Z305B6RR,1
Z305B6S2,0
Z305B6S3,0
Z305B6S5,0
Z305B6S8,0
Z305B6S9,0
Z305B6SD,0
Z305B6SK,0
Z305B6SV,0
Z305B6SW,0
Z305B6SX,0
Z305B6TL,1
Z305B6WR,1
Z305B6Z3,1
Z305B6Z6,1
Z305B6ZA,1
Z305B8PX,0
Z305B9AF,1
Z305BA7D,1
Z305BAG3,1
Z305BAKB,1
Z305BAM7,0
Z305BAMF,0
Z305BCDA,0
Z305BK2W,0
Z305BLYC,0
Z305BNDZ,1
Z305BNMG,0
Z305C1W5,0
Z305C7RV,0
Z305C9TN,0
Z305CCBJ,0
Z305CDGX,1
Z305CFWD,0
Z305CJYF,0
Z305CLR2,0
Z305CSY9,1
Z305CSYB,0
Z305CT9H,0
Z305CTD1,1
Z305CTL0,1
Z305CTM8,0
Z305CX3N,1
Z305CYG4,0
Z305D0CL,0
Z305D2BM,1
Z305D2NB,0
Z305D2NL,0
Z305D2NM,0
Z305D2NS,0
Z305D2NT,0
Z305D2NW,0
Z305D2Q7,0
Z305D2S0,0
Z305D2SD,0
Z305D2SE,0
Z305D2SG,0
Z305D2SH,0
Z305D2SK,0
Z305D2SL,0
Z305D2SR,0
Z305D2ST,0
Z305D2SY,0
Z305D2SZ,0
Z305D2TE,1
Z305D31J,1
Z305D34A,1
Z305D3DH,1
Z305D3DN,1
Z305D45G,0
Z305D4AA,1
Z305D4CF,1
Z305D4E1,0
Z305D4E7,0
Z305D4EC,0
Z305D4EH,0
Z305D4EW,0
Z305D4EZ,0
Z305D4GD,0
Z305D4P2,0
Z305D4P3,0
Z305D4P5,0
Z305D4P8,0
Z305D4PQ,0
Z305D4PS,0
Z305D4PV,0
Z305D4PZ,0
Z305D4WE,1
Z305D56M,1
Z305D581,1
Z305D5A0,0
Z305D5A4,0
Z305D5A7,0
Z305D5A9,0
Z305D5AB,0
Z305D5AC,0
Z305D5AD,0
Z305D5AE,0
Z305D5AM,0
Z305D5AP,0
Z305D5AR,0
Z305D5AV,0
Z305D5AX,0
Z305D5AY,0
Z305D5AZ,0
Z305D5C6,1
Z305D5D9,1
Z305D5HJ,1
Z305D5ME,1
Z305D5MZ,1
Z305D5S3,1
Z305D5TW,1
Z305D5V8,0
Z305D5VM,0
Z305D66F,0
Z305D67L,0
Z305D67M,0
Z305D67R,1
Z305D68J,1
Z305D69Y,1
Z305D6CS,1
Z305D6D1,0
Z305D6DQ,0
Z305D6DR,0
Z305D79R,0
Z305D9S6,0
Z305DEMV,0
Z305DGDC,0
Z305DGTT,1
Z305DHAK,0
Z305DHRY,1
Z305DHW3,1
Z305DHY2,0
Z305DHY6,0
Z305DHYA,0
Z305DHYJ,1
Z305DHYK,0
Z305DHYN,0
Z305DHYX,0
Z305DJ00,0
Z305DJ0D,0
Z305DJ0E,0
Z305DJ0F,0
Z305DJ0Q,0
Z305DJ0R,0
Z305DJ0S,0
Z305DJ0W,0
Z305DJ0X,0
Z305DJ0Y,0
Z305DNNN,0
Z305DTSM,0
Z305DVHV,0
Z305DVK2,0
Z305DVKD,0
Z305DVNP,1
Z305DVVG,0
Z305DVYS,1
Z305DW8H,1
Z305DWSX,0
Z305DY3Y,1
Z305E8LA,0
Z305EJC4,0
Z305EKTJ,0
Z305EM73,0
Z305ET75,1
Z305EV2E,0
Z305EV2X,0
Z305EW3W,1
Z305EX96,0
Z305F20Z,1
Z305F7F5,0
Z305F9Z2,0
Z305FA0E,0
Z305FB3T,0
Z305FBZD,1
Z305FE1D,1
Z305FH0A,0
Z305FJJL,0
Z305FPT6,0
Z305FS3Q,1
Z305FSVG,0
Z305FSVZ,0
Z305FTEK,1
Z305FYN5,0
Z305FYNQ,0
Z305FZ1L,0
Z305FZAN,0
Z305FZFE,0
Z305FZFY,0
Z305G2QK,0
Z305G392,1
Z305G50R,0
Z305GC0B,0
Z305GC0E,0
Z305GC0L,0
Z305GC0P,0
Z305GC1Z,1
Z305GG8T,0
Z305GJDP,0
Z305GJJF,1
Z305GK1Q,0
Z305GPTN,1
Z305GVFS,1
Z305GVJV,1
Z305GVMY,1
Z305GVP3,0
Z305GVP7,0
Z305GVP9,0
Z305GVPA,0
Z305GVPB,0
Z305GVPE,0
Z305GVPT,0
Z305GVPV,0
Z305GVRL,0
Z305GWH6,1
Z305GWJ0,0
Z305GWJ3,0
Z305GWJ4,0
Z305GWJ7,0
Z305GWJE,0
Z305GWJF,0
Z305GWJL,0
Z305GWJP,0
Z305GWJX,0
Z305GWJY,0
Z305GWKK,1
Z305GWKY,0
Z305GWMS,0
Z305GWPB,0
Z305GWSD,1
Z305GWY2,0
Z305GX6C,1
Z305GXA4,0
Z305GXA6,0
Z305GXAH,0
Z305GXE3,1
Z305GXEA,1
Z305GY14,0
Z305H0S6,1
Z305H10K,1
Z305H41M,0
Z305H7B3,1
Z305HFZQ,0
Z305HYGY,0
Z305J0TE,0
Z305JP05,0
Z305JTXG,1
Z305JXXL,0
Z305K1V9,1
Z305K1Y1,0
Z305K1Y3,0
Z305K1YA,0
Z305K1YR,0
Z305K1YS,0
Z305K1YV,0
Z305K296,0
Z305K298,0
Z305K299,0
Z305K29F,0
Z305K29H,0
Z305K29K,0
Z305K29S,0
Z305K29W,0
Z305K29X,0
Z305KB36,0
Z305KB37,0
Z305KB3Y,0
Z305KBGA,0
Z305KBGC,0
Z305KBGL,0
Z305KHQH,0
Z305KKTV,0
Z305KVF9,0
Z305KVPL,0
Z305KVPR,0
Z305KVYF,0
Z305KVYM,0
Z305KW9S,1
Z305KWNJ,0
Z305KX50,0
Z305KXAA,1
Z305L5TG,0
Z305L6AL,0
Z305LA5M,0
Z305LAZ7,0
Z305LNB9,0
Z305LYX0,0
Z305M3N9,0
Z305M7XG,0
Z305MG3B,0
Z305MHVN,0
Z305MR4E,1
Z305N0TD,1
Z305N2PY,0
Z305N2QP,0
Z305N9ZQ,0
Z3050WA,1
Z305NZM9,0
Z305NZMD,0
Z305NZMM,0
Z305PEAL,1
Z305PFB4,0
Z305PJG8,0
Z305PJGD,0
Z305PJGG,0
Z305PJGV,0
Z305PTJQ,1
Z305PVDV,1
Z305PVRA,1
Z305Q0L8,0
Z305STV0,0
Z306W5VQ,0
Z3075ES8,0
Z307PRKA,0
